"","long","lat","group","order","region","subregion"
"1",-123.01976776123,48.5696334838867,56,14219,"washington","san juan island"
"2",-123.054153442383,48.6154708862305,56,14220,"washington","san juan island"
"3",-123.094253540039,48.6097373962402,56,14221,"washington","san juan island"
"4",-123.094253540039,48.5810890197754,56,14222,"washington","san juan island"
"5",-123.117164611816,48.5638999938965,56,14223,"washington","san juan island"
"6",-123.111442565918,48.5352554321289,56,14224,"washington","san juan island"
"7",-123.088516235352,48.5008773803711,56,14225,"washington","san juan island"
"8",-123.065612792969,48.4836883544922,56,14226,"washington","san juan island"
"9",-123.042686462402,48.4779586791992,56,14227,"washington","san juan island"
"10",-123.008308410645,48.4779586791992,56,14228,"washington","san juan island"
"11",-122.962478637695,48.4378509521484,56,14229,"washington","san juan island"
"12",-122.939552307129,48.4550437927246,56,14230,"washington","san juan island"
"13",-122.968200683594,48.4951477050781,56,14231,"washington","san juan island"
"14",-122.939552307129,48.51806640625,56,14232,"washington","san juan island"
"15",-122.968200683594,48.5352554321289,56,14233,"washington","san juan island"
"16",-122.985397338867,48.5467147827148,56,14234,"washington","san juan island"
"17",-123.01976776123,48.5696334838867,56,14235,"washington","san juan island"
"18",-122.82495880127,48.4034729003906,57,14237,"washington","lopez island"
"19",-122.796310424805,48.4092063903809,57,14238,"washington","lopez island"
"20",-122.76766204834,48.4092063903809,57,14239,"washington","lopez island"
"21",-122.756202697754,48.4378509521484,57,14240,"washington","lopez island"
"22",-122.77912902832,48.4550437927246,57,14241,"washington","lopez island"
"23",-122.802047729492,48.4550437927246,57,14242,"washington","lopez island"
"24",-122.819229125977,48.4779586791992,57,14243,"washington","lopez island"
"25",-122.819229125977,48.523796081543,57,14244,"washington","lopez island"
"26",-122.836418151855,48.5409812927246,57,14245,"washington","lopez island"
"27",-122.859336853027,48.51806640625,57,14246,"washington","lopez island"
"28",-122.859336853027,48.5008773803711,57,14247,"washington","lopez island"
"29",-122.887985229492,48.4951477050781,57,14248,"washington","lopez island"
"30",-122.887985229492,48.4607696533203,57,14249,"washington","lopez island"
"31",-122.870803833008,48.4435806274414,57,14250,"washington","lopez island"
"32",-122.836418151855,48.4321250915527,57,14251,"washington","lopez island"
"33",-122.842155456543,48.4149360656738,57,14252,"washington","lopez island"
"34",-122.82495880127,48.4034729003906,57,14253,"washington","lopez island"
"35",-122.76766204834,48.6097373962402,58,14255,"washington","orcas island"
"36",-122.750480651855,48.6383895874023,58,14256,"washington","orcas island"
"37",-122.716094970703,48.655574798584,58,14257,"washington","orcas island"
"38",-122.727554321289,48.6784934997559,58,14258,"washington","orcas island"
"39",-122.76766204834,48.6842231750488,58,14259,"washington","orcas island"
"40",-122.836418151855,48.7128715515137,58,14260,"washington","orcas island"
"41",-122.882263183594,48.7186012268066,58,14261,"washington","orcas island"
"42",-122.887985229492,48.6784934997559,58,14262,"washington","orcas island"
"43",-122.928092956543,48.6670341491699,58,14263,"washington","orcas island"
"44",-122.951011657715,48.644115447998,58,14264,"washington","orcas island"
"45",-122.945289611816,48.5982818603516,58,14265,"washington","orcas island"
"46",-122.899444580078,48.6211967468262,58,14266,"washington","orcas island"
"47",-122.86506652832,48.5925521850586,58,14267,"washington","orcas island"
"48",-122.82495880127,48.5925521850586,58,14268,"washington","orcas island"
"49",-122.853614807129,48.6383895874023,58,14269,"washington","orcas island"
"50",-122.86506652832,48.6727638244629,58,14270,"washington","orcas island"
"51",-122.82495880127,48.6670341491699,58,14271,"washington","orcas island"
"52",-122.802047729492,48.6154708862305,58,14272,"washington","orcas island"
"53",-122.76766204834,48.6097373962402,58,14273,"washington","orcas island"
"54",-122.670265197754,48.1742897033691,59,14275,"washington","whidbey island"
"55",-122.710372924805,48.2143974304199,59,14276,"washington","whidbey island"
"56",-122.721832275391,48.2373161315918,59,14277,"washington","whidbey island"
"57",-122.670265197754,48.3118019104004,59,14278,"washington","whidbey island"
"58",-122.635879516602,48.3576354980469,59,14279,"washington","whidbey island"
"59",-122.618698120117,48.3748245239258,59,14280,"washington","whidbey island"
"60",-122.549942016602,48.3748245239258,59,14281,"washington","whidbey island"
"61",-122.549942016602,48.3461799621582,59,14282,"washington","whidbey island"
"62",-122.521301269531,48.3404502868652,59,14283,"washington","whidbey island"
"63",-122.492652893066,48.3289909362793,59,14284,"washington","whidbey island"
"64",-122.463996887207,48.2888832092285,59,14285,"washington","whidbey island"
"65",-122.509841918945,48.2774238586426,59,14286,"washington","whidbey island"
"66",-122.549942016602,48.2831535339355,59,14287,"washington","whidbey island"
"67",-122.572868347168,48.2659645080566,59,14288,"washington","whidbey island"
"68",-122.607238769531,48.2716941833496,59,14289,"washington","whidbey island"
"69",-122.607238769531,48.2430458068848,59,14290,"washington","whidbey island"
"70",-122.658805847168,48.2315864562988,59,14291,"washington","whidbey island"
"71",-122.670265197754,48.2143974304199,59,14292,"washington","whidbey island"
"72",-122.607238769531,48.2143974304199,59,14293,"washington","whidbey island"
"73",-122.538482666016,48.1800193786621,59,14294,"washington","whidbey island"
"74",-122.515563964844,48.0940780639648,59,14295,"washington","whidbey island"
"75",-122.492652893066,48.0310516357422,59,14296,"washington","whidbey island"
"76",-122.469734191895,48.0310516357422,59,14297,"washington","whidbey island"
"77",-122.469734191895,48.0826187133789,59,14298,"washington","whidbey island"
"78",-122.44108581543,48.0826187133789,59,14299,"washington","whidbey island"
"79",-122.400978088379,48.0539703369141,59,14300,"washington","whidbey island"
"80",-122.337951660156,48.0138626098633,59,14301,"washington","whidbey island"
"81",-122.309303283691,47.9852142333984,59,14302,"washington","whidbey island"
"82",-122.320762634277,47.9451065063477,59,14303,"washington","whidbey island"
"83",-122.320762634277,47.9279174804688,59,14304,"washington","whidbey island"
"84",-122.349411010742,47.8992729187012,59,14305,"washington","whidbey island"
"85",-122.395240783691,47.9164619445801,59,14306,"washington","whidbey island"
"86",-122.400978088379,47.9565696716309,59,14307,"washington","whidbey island"
"87",-122.41242980957,47.9794883728027,59,14308,"washington","whidbey island"
"88",-122.452545166016,47.9794883728027,59,14309,"washington","whidbey island"
"89",-122.48119354248,47.9622993469238,59,14310,"washington","whidbey island"
"90",-122.504104614258,47.9794883728027,59,14311,"washington","whidbey island"
"91",-122.498374938965,47.9966735839844,59,14312,"washington","whidbey island"
"92",-122.538482666016,48.0138626098633,59,14313,"washington","whidbey island"
"93",-122.561408996582,48.0482406616211,59,14314,"washington","whidbey island"
"94",-122.56713104248,48.1112632751465,59,14315,"washington","whidbey island"
"95",-122.572868347168,48.1513710021973,59,14316,"washington","whidbey island"
"96",-122.630157470703,48.1456451416016,59,14317,"washington","whidbey island"
"97",-122.670265197754,48.1742897033691,59,14318,"washington","whidbey island"
"98",-116.929229736328,45.9970512390137,60,14320,"washington","main"
"99",-117.473533630371,46.0085105895996,60,14321,"washington","main"
"100",-117.616775512695,46.0085105895996,60,14322,"washington","main"
"101",-117.983474731445,45.9970512390137,60,14323,"washington","main"
"102",-117.994934082031,46.0085105895996,60,14324,"washington","main"
"103",-118.957496643066,45.9970512390137,60,14325,"washington","main"
"104",-119.003326416016,45.9913215637207,60,14326,"washington","main"
"105",-119.066360473633,45.9626770019531,60,14327,"washington","main"
"106",-119.175216674805,45.9225692749023,60,14328,"washington","main"
"107",-119.249710083008,45.928295135498,60,14329,"washington","main"
"108",-119.318458557129,45.934024810791,60,14330,"washington","main"
"109",-119.387214660645,45.9168395996094,60,14331,"washington","main"
"110",-119.427322387695,45.9111061096191,60,14332,"washington","main"
"111",-119.496070861816,45.8996505737305,60,14333,"washington","main"
"112",-119.547637939453,45.9168395996094,60,14334,"washington","main"
"113",-119.593482971191,45.9168395996094,60,14335,"washington","main"
"114",-119.650772094727,45.8767318725586,60,14336,"washington","main"
"115",-119.69660949707,45.8538131713867,60,14337,"washington","main"
"116",-119.834121704102,45.8366241455078,60,14338,"washington","main"
"117",-119.868492126465,45.8366241455078,60,14339,"washington","main"
"118",-120.006011962891,45.80224609375,60,14340,"washington","main"
"119",-120.06330871582,45.7907867431641,60,14341,"washington","main"
"120",-120.143516540527,45.7735977172852,60,14342,"washington","main"
"121",-120.212272644043,45.7334899902344,60,14343,"washington","main"
"122",-120.447189331055,45.6876525878906,60,14344,"washington","main"
"123",-120.510215759277,45.7048416137695,60,14345,"washington","main"
"124",-120.556045532227,45.7277603149414,60,14346,"washington","main"
"125",-120.607620239258,45.7392234802246,60,14347,"washington","main"
"126",-120.653450012207,45.7277603149414,60,14348,"washington","main"
"127",-120.905548095703,45.6418151855469,60,14349,"washington","main"
"128",-120.962852478027,45.6418151855469,60,14350,"washington","main"
"129",-121.05451965332,45.6475486755371,60,14351,"washington","main"
"130",-121.129005432129,45.6074409484863,60,14352,"washington","main"
"131",-121.163391113281,45.6017112731934,60,14353,"washington","main"
"132",-121.20922088623,45.6475486755371,60,14354,"washington","main"
"133",-121.266510009766,45.670467376709,60,14355,"washington","main"
"134",-121.32381439209,45.6876525878906,60,14356,"washington","main"
"135",-121.369644165039,45.6933860778809,60,14357,"washington","main"
"136",-121.426940917969,45.6933860778809,60,14358,"washington","main"
"137",-121.524353027344,45.7048416137695,60,14359,"washington","main"
"138",-121.570182800293,45.7048416137695,60,14360,"washington","main"
"139",-121.673316955566,45.6933860778809,60,14361,"washington","main"
"140",-121.77645111084,45.6933860778809,60,14362,"washington","main"
"141",-121.839469909668,45.6933860778809,60,14363,"washington","main"
"142",-121.896774291992,45.670467376709,60,14364,"washington","main"
"143",-121.931144714355,45.6418151855469,60,14365,"washington","main"
"144",-122.257736206055,45.5444145202637,60,14366,"washington","main"
"145",-122.320762634277,45.532958984375,60,14367,"washington","main"
"146",-122.378059387207,45.5558738708496,60,14368,"washington","main"
"147",-122.48119354248,45.5730628967285,60,14369,"washington","main"
"148",-122.630157470703,45.5902519226074,60,14370,"washington","main"
"149",-122.727554321289,45.6131706237793,60,14371,"washington","main"
"150",-122.761940002441,45.6418151855469,60,14372,"washington","main"
"151",-122.77912902832,45.6819229125977,60,14373,"washington","main"
"152",-122.77912902832,45.7048416137695,60,14374,"washington","main"
"153",-122.77912902832,45.7334899902344,60,14375,"washington","main"
"154",-122.76766204834,45.7678680419922,60,14376,"washington","main"
"155",-122.77912902832,45.7907867431641,60,14377,"washington","main"
"156",-122.790588378906,45.8194351196289,60,14378,"washington","main"
"157",-122.790588378906,45.8423538208008,60,14379,"washington","main"
"158",-122.790588378906,45.8767318725586,60,14380,"washington","main"
"159",-122.807769775391,45.934024810791,60,14381,"washington","main"
"160",-122.847877502441,45.9798622131348,60,14382,"washington","main"
"161",-122.910903930664,46.071533203125,60,14383,"washington","main"
"162",-122.996841430664,46.1116409301758,60,14384,"washington","main"
"163",-123.117164611816,46.1689414978027,60,14385,"washington","main"
"164",-123.174468994141,46.1689414978027,60,14386,"washington","main"
"165",-123.22029876709,46.1574783325195,60,14387,"washington","main"
"166",-123.237487792969,46.1517486572266,60,14388,"washington","main"
"167",-123.27759552002,46.1402893066406,60,14389,"washington","main"
"168",-123.329162597656,46.1345596313477,60,14390,"washington","main"
"169",-123.369270324707,46.1402893066406,60,14391,"washington","main"
"170",-123.397926330566,46.1689414978027,60,14392,"washington","main"
"171",-123.426574707031,46.1861267089844,60,14393,"washington","main"
"172",-123.43229675293,46.2262344360352,60,14394,"washington","main"
"173",-123.397926330566,46.2033157348633,60,14395,"washington","main"
"174",-123.357818603516,46.1918601989746,60,14396,"washington","main"
"175",-123.34635925293,46.2262344360352,60,14397,"washington","main"
"176",-123.38646697998,46.2548828125,60,14398,"washington","main"
"177",-123.449478149414,46.2663421630859,60,14399,"washington","main"
"178",-123.518249511719,46.2663421630859,60,14400,"washington","main"
"179",-123.58699798584,46.2720718383789,60,14401,"washington","main"
"180",-123.627105712891,46.2835311889648,60,14402,"washington","main"
"181",-123.661476135254,46.3064498901367,60,14403,"washington","main"
"182",-123.707321166992,46.2835311889648,60,14404,"washington","main"
"183",-123.758888244629,46.2835311889648,60,14405,"washington","main"
"184",-123.79899597168,46.2663421630859,60,14406,"washington","main"
"185",-123.850563049316,46.260612487793,60,14407,"washington","main"
"186",-123.890670776367,46.2720718383789,60,14408,"washington","main"
"187",-123.919319152832,46.3064498901367,60,14409,"washington","main"
"188",-123.976608276367,46.3179054260254,60,14410,"washington","main"
"189",-124.005256652832,46.2949905395508,60,14411,"washington","main"
"190",-124.028175354004,46.3121795654297,60,14412,"washington","main"
"191",-124.016716003418,46.3694763183594,60,14413,"washington","main"
"192",-124.01099395752,46.4554176330566,60,14414,"washington","main"
"193",-124.022438049316,46.5299034118652,60,14415,"washington","main"
"194",-124.033897399902,46.6158447265625,60,14416,"washington","main"
"195",-124.016716003418,46.6330337524414,60,14417,"washington","main"
"196",-123.988067626953,46.6158447265625,60,14418,"washington","main"
"197",-123.970886230469,46.5700073242188,60,14419,"washington","main"
"198",-123.959419250488,46.3694763183594,60,14420,"washington","main"
"199",-123.896392822266,46.380931854248,60,14421,"washington","main"
"200",-123.873474121094,46.438232421875,60,14422,"washington","main"
"201",-123.879211425781,46.4955253601074,60,14423,"washington","main"
"202",-123.850563049316,46.524169921875,60,14424,"washington","main"
"203",-123.92504119873,46.6273040771484,60,14425,"washington","main"
"204",-123.879211425781,46.6330337524414,60,14426,"washington","main"
"205",-123.862007141113,46.6788711547852,60,14427,"washington","main"
"206",-123.79899597168,46.70751953125,60,14428,"washington","main"
"207",-123.850563049316,46.7476272583008,60,14429,"washington","main"
"208",-123.879211425781,46.7304382324219,60,14430,"washington","main"
"209",-123.902114868164,46.7247085571289,60,14431,"washington","main"
"210",-123.92504119873,46.7361679077148,60,14432,"washington","main"
"211",-123.953681945801,46.70751953125,60,14433,"washington","main"
"212",-123.988067626953,46.7189788818359,60,14434,"washington","main"
"213",-124.028175354004,46.713249206543,60,14435,"washington","main"
"214",-124.045356750488,46.7361679077148,60,14436,"washington","main"
"215",-124.045356750488,46.7877349853516,60,14437,"washington","main"
"216",-124.056823730469,46.8278427124023,60,14438,"washington","main"
"217",-124.085464477539,46.8851356506348,60,14439,"washington","main"
"218",-124.079742431641,46.9080543518066,60,14440,"washington","main"
"219",-124.045356750488,46.9023246765137,60,14441,"washington","main"
"220",-124.028175354004,46.8622169494629,60,14442,"washington","main"
"221",-123.988067626953,46.8450317382812,60,14443,"washington","main"
"222",-123.988067626953,46.8622169494629,60,14444,"washington","main"
"223",-123.993789672852,46.8965950012207,60,14445,"washington","main"
"224",-123.959419250488,46.9195137023926,60,14446,"washington","main"
"225",-123.867744445801,46.9367027282715,60,14447,"washington","main"
"226",-123.770347595215,46.976806640625,60,14448,"washington","main"
"227",-123.856285095215,46.9997253417969,60,14449,"washington","main"
"228",-123.947959899902,46.9997253417969,60,14450,"washington","main"
"229",-123.965148925781,47.0226440429688,60,14451,"washington","main"
"230",-123.988067626953,47.0512962341309,60,14452,"washington","main"
"231",-124.045356750488,47.0455627441406,60,14453,"washington","main"
"232",-124.074005126953,46.976806640625,60,14454,"washington","main"
"233",-124.091201782227,46.9653511047363,60,14455,"washington","main"
"234",-124.108390808105,46.9882698059082,60,14456,"washington","main"
"235",-124.108390808105,47.0742149353027,60,14457,"washington","main"
"236",-124.137031555176,47.1888046264648,60,14458,"washington","main"
"237",-124.154220581055,47.2575607299805,60,14459,"washington","main"
"238",-124.194328308105,47.2976684570312,60,14460,"washington","main"
"239",-124.245895385742,47.3320426940918,60,14461,"washington","main"
"240",-124.274543762207,47.4065284729004,60,14462,"washington","main"
"241",-124.303199768066,47.486743927002,60,14463,"washington","main"
"242",-124.314643859863,47.5153884887695,60,14464,"washington","main"
"243",-124.303199768066,47.5383071899414,60,14465,"washington","main"
"244",-124.320381164551,47.5956039428711,60,14466,"washington","main"
"245",-124.371955871582,47.7101974487305,60,14467,"washington","main"
"246",-124.383415222168,47.7560348510742,60,14468,"washington","main"
"247",-124.429244995117,47.7846794128418,60,14469,"washington","main"
"248",-124.440704345703,47.8305168151855,60,14470,"washington","main"
"249",-124.475074768066,47.8419761657715,60,14471,"washington","main"
"250",-124.503730773926,47.8591651916504,60,14472,"washington","main"
"251",-124.566749572754,47.8992729187012,60,14473,"washington","main"
"252",-124.595397949219,47.9451065063477,60,14474,"washington","main"
"253",-124.63550567627,47.9852142333984,60,14475,"washington","main"
"254",-124.646965026855,48.0768890380859,60,14476,"washington","main"
"255",-124.681343078613,48.1571006774902,60,14477,"washington","main"
"256",-124.658424377441,48.2315864562988,60,14478,"washington","main"
"257",-124.63550567627,48.2888832092285,60,14479,"washington","main"
"258",-124.624053955078,48.3404502868652,60,14480,"washington","main"
"259",-124.664161682129,48.3519096374512,60,14481,"washington","main"
"260",-124.681343078613,48.3805541992188,60,14482,"washington","main"
"261",-124.63550567627,48.392017364502,60,14483,"washington","main"
"262",-124.589668273926,48.392017364502,60,14484,"washington","main"
"263",-124.497993469238,48.3690986633301,60,14485,"washington","main"
"264",-124.417785644531,48.3289909362793,60,14486,"washington","main"
"265",-124.331848144531,48.3003425598145,60,14487,"washington","main"
"266",-124.274543762207,48.2888832092285,60,14488,"washington","main"
"267",-124.222984313965,48.2659645080566,60,14489,"washington","main"
"268",-124.154220581055,48.2545051574707,60,14490,"washington","main"
"269",-124.079742431641,48.2315864562988,60,14491,"washington","main"
"270",-124.045356750488,48.202938079834,60,14492,"washington","main"
"271",-123.913581848145,48.1742897033691,60,14493,"washington","main"
"272",-123.770347595215,48.1571006774902,60,14494,"washington","main"
"273",-123.632827758789,48.1742897033691,60,14495,"washington","main"
"274",-123.575538635254,48.1456451416016,60,14496,"washington","main"
"275",-123.506790161133,48.1341819763184,60,14497,"washington","main"
"276",-123.460945129395,48.1399154663086,60,14498,"washington","main"
"277",-123.375007629395,48.1284523010254,60,14499,"washington","main"
"278",-123.283332824707,48.1169967651367,60,14500,"washington","main"
"279",-123.23176574707,48.1227264404297,60,14501,"washington","main"
"280",-123.14582824707,48.1169967651367,60,14502,"washington","main"
"281",-123.10572052002,48.1456451416016,60,14503,"washington","main"
"282",-123.048416137695,48.1284523010254,60,14504,"washington","main"
"283",-123.002578735352,48.0940780639648,60,14505,"washington","main"
"284",-122.991119384766,48.0654296875,60,14506,"washington","main"
"285",-122.962478637695,48.0367813110352,60,14507,"washington","main"
"286",-122.945289611816,48.059700012207,60,14508,"washington","main"
"287",-122.939552307129,48.0883445739746,60,14509,"washington","main"
"288",-122.876525878906,48.0768890380859,60,14510,"washington","main"
"289",-122.876525878906,48.0425109863281,60,14511,"washington","main"
"290",-122.82495880127,48.0253219604492,60,14512,"washington","main"
"291",-122.847877502441,47.9909439086914,60,14513,"washington","main"
"292",-122.82495880127,47.9852142333984,60,14514,"washington","main"
"293",-122.76766204834,48.0253219604492,60,14515,"washington","main"
"294",-122.819229125977,48.0768890380859,60,14516,"washington","main"
"295",-122.802047729492,48.1169967651367,60,14517,"washington","main"
"296",-122.733291625977,48.1284523010254,60,14518,"washington","main"
"297",-122.716094970703,48.0998077392578,60,14519,"washington","main"
"298",-122.756202697754,48.071159362793,60,14520,"washington","main"
"299",-122.73902130127,48.0195922851562,60,14521,"washington","main"
"300",-122.698913574219,48.0482406616211,60,14522,"washington","main"
"301",-122.670265197754,48.0195922851562,60,14523,"washington","main"
"302",-122.670265197754,48.0998077392578,60,14524,"washington","main"
"303",-122.630157470703,48.0768890380859,60,14525,"washington","main"
"304",-122.612976074219,48.0081329345703,60,14526,"washington","main"
"305",-122.647346496582,47.9451065063477,60,14527,"washington","main"
"306",-122.612976074219,47.8935432434082,60,14528,"washington","main"
"307",-122.601516723633,47.8706245422363,60,14529,"washington","main"
"308",-122.647346496582,47.8534355163574,60,14530,"washington","main"
"309",-122.65308380127,47.8190574645996,60,14531,"washington","main"
"310",-122.704635620117,47.8075981140137,60,14532,"washington","main"
"311",-122.710372924805,47.7732238769531,60,14533,"washington","main"
"312",-122.750480651855,47.7560348510742,60,14534,"washington","main"
"313",-122.73902130127,47.8075981140137,60,14535,"washington","main"
"314",-122.76766204834,47.8362464904785,60,14536,"washington","main"
"315",-122.76766204834,47.8018684387207,60,14537,"washington","main"
"316",-122.77912902832,47.7789497375488,60,14538,"washington","main"
"317",-122.82495880127,47.8133277893066,60,14539,"washington","main"
"318",-122.82495880127,47.7674903869629,60,14540,"washington","main"
"319",-122.813507080078,47.7331161499023,60,14541,"washington","main"
"320",-122.847877502441,47.7273864746094,60,14542,"washington","main"
"321",-122.870803833008,47.6758155822754,60,14543,"washington","main"
"322",-122.951011657715,47.6299819946289,60,14544,"washington","main"
"323",-122.97966003418,47.618522644043,60,14545,"washington","main"
"324",-123.002578735352,47.5956039428711,60,14546,"washington","main"
"325",-123.01976776123,47.5612258911133,60,14547,"washington","main"
"326",-123.071334838867,47.481014251709,60,14548,"washington","main"
"327",-123.094253540039,47.4122581481934,60,14549,"washington","main"
"328",-123.117164611816,47.3492317199707,60,14550,"washington","main"
"329",-123.077056884766,47.3377723693848,60,14551,"washington","main"
"330",-123.042686462402,47.3492317199707,60,14552,"washington","main"
"331",-123.002578735352,47.343505859375,60,14553,"washington","main"
"332",-122.899444580078,47.3721504211426,60,14554,"washington","main"
"333",-122.86506652832,47.3893394470215,60,14555,"washington","main"
"334",-122.807769775391,47.4237174987793,60,14556,"washington","main"
"335",-122.853614807129,47.429443359375,60,14557,"washington","main"
"336",-122.945289611816,47.3836097717285,60,14558,"washington","main"
"337",-122.996841430664,47.3778800964355,60,14559,"washington","main"
"338",-123.048416137695,47.3778800964355,60,14560,"washington","main"
"339",-123.059875488281,47.4007987976074,60,14561,"washington","main"
"340",-123.008308410645,47.4695510864258,60,14562,"washington","main"
"341",-122.996841430664,47.486743927002,60,14563,"washington","main"
"342",-122.968200683594,47.5153884887695,60,14564,"washington","main"
"343",-122.939552307129,47.5497703552246,60,14565,"washington","main"
"344",-122.870803833008,47.5956039428711,60,14566,"washington","main"
"345",-122.819229125977,47.6357116699219,60,14567,"washington","main"
"346",-122.721832275391,47.6586303710938,60,14568,"washington","main"
"347",-122.670265197754,47.7503051757812,60,14569,"washington","main"
"348",-122.618698120117,47.796142578125,60,14570,"washington","main"
"349",-122.584312438965,47.8362464904785,60,14571,"washington","main"
"350",-122.532760620117,47.8190574645996,60,14572,"washington","main"
"351",-122.532760620117,47.8591651916504,60,14573,"washington","main"
"352",-122.572868347168,47.9049987792969,60,14574,"washington","main"
"353",-122.572868347168,47.939380645752,60,14575,"washington","main"
"354",-122.52702331543,47.9107322692871,60,14576,"washington","main"
"355",-122.48119354248,47.8878135681152,60,14577,"washington","main"
"356",-122.452545166016,47.8305168151855,60,14578,"washington","main"
"357",-122.463996887207,47.8018684387207,60,14579,"washington","main"
"358",-122.429626464844,47.7503051757812,60,14580,"washington","main"
"359",-122.469734191895,47.7331161499023,60,14581,"washington","main"
"360",-122.504104614258,47.7560348510742,60,14582,"washington","main"
"361",-122.52702331543,47.7159233093262,60,14583,"washington","main"
"362",-122.549942016602,47.7044677734375,60,14584,"washington","main"
"363",-122.595779418945,47.738842010498,60,14585,"washington","main"
"364",-122.618698120117,47.7216529846191,60,14586,"washington","main"
"365",-122.595779418945,47.6987342834473,60,14587,"washington","main"
"366",-122.578590393066,47.6471710205078,60,14588,"washington","main"
"367",-122.561408996582,47.618522644043,60,14589,"washington","main"
"368",-122.561408996582,47.5841445922852,60,14590,"washington","main"
"369",-122.590049743652,47.5784149169922,60,14591,"washington","main"
"370",-122.618698120117,47.61279296875,60,14592,"washington","main"
"371",-122.65308380127,47.618522644043,60,14593,"washington","main"
"372",-122.647346496582,47.5784149169922,60,14594,"washington","main"
"373",-122.624420166016,47.5612258911133,60,14595,"washington","main"
"374",-122.65308380127,47.5440368652344,60,14596,"washington","main"
"375",-122.647346496582,47.5268516540527,60,14597,"washington","main"
"376",-122.595779418945,47.5268516540527,60,14598,"washington","main"
"377",-122.549942016602,47.5440368652344,60,14599,"washington","main"
"378",-122.515563964844,47.5612258911133,60,14600,"washington","main"
"379",-122.48119354248,47.5268516540527,60,14601,"washington","main"
"380",-122.463996887207,47.4981994628906,60,14602,"washington","main"
"381",-122.48119354248,47.4466361999512,60,14603,"washington","main"
"382",-122.498374938965,47.4179878234863,60,14604,"washington","main"
"383",-122.504104614258,47.3950691223145,60,14605,"washington","main"
"384",-122.515563964844,47.3893394470215,60,14606,"washington","main"
"385",-122.52702331543,47.343505859375,60,14607,"washington","main"
"386",-122.549942016602,47.3263130187988,60,14608,"washington","main"
"387",-122.532760620117,47.286205291748,60,14609,"washington","main"
"388",-122.52702331543,47.2575607299805,60,14610,"washington","main"
"389",-122.538482666016,47.2575607299805,60,14611,"washington","main"
"390",-122.578590393066,47.2747497558594,60,14612,"washington","main"
"391",-122.630157470703,47.286205291748,60,14613,"washington","main"
"392",-122.624420166016,47.3263130187988,60,14614,"washington","main"
"393",-122.590049743652,47.3606910705566,60,14615,"washington","main"
"394",-122.590049743652,47.3836097717285,60,14616,"washington","main"
"395",-122.658805847168,47.3492317199707,60,14617,"washington","main"
"396",-122.710372924805,47.3033981323242,60,14618,"washington","main"
"397",-122.716094970703,47.2747497558594,60,14619,"washington","main"
"398",-122.687454223633,47.2346420288086,60,14620,"washington","main"
"399",-122.704635620117,47.2117233276367,60,14621,"washington","main"
"400",-122.716094970703,47.1716156005859,60,14622,"washington","main"
"401",-122.750480651855,47.1773452758789,60,14623,"washington","main"
"402",-122.76766204834,47.2289123535156,60,14624,"washington","main"
"403",-122.761940002441,47.2804794311523,60,14625,"washington","main"
"404",-122.750480651855,47.3205871582031,60,14626,"washington","main"
"405",-122.750480651855,47.3377723693848,60,14627,"washington","main"
"406",-122.756202697754,47.3721504211426,60,14628,"washington","main"
"407",-122.77912902832,47.3778800964355,60,14629,"washington","main"
"408",-122.790588378906,47.343505859375,60,14630,"washington","main"
"409",-122.802047729492,47.3091239929199,60,14631,"washington","main"
"410",-122.819229125977,47.3091239929199,60,14632,"washington","main"
"411",-122.882263183594,47.2804794311523,60,14633,"washington","main"
"412",-122.899444580078,47.2289123535156,60,14634,"washington","main"
"413",-122.910903930664,47.2117233276367,60,14635,"washington","main"
"414",-122.996841430664,47.2059936523438,60,14636,"washington","main"
"415",-122.97966003418,47.2346420288086,60,14637,"washington","main"
"416",-123.01976776123,47.2346420288086,60,14638,"washington","main"
"417",-123.042686462402,47.1830749511719,60,14639,"washington","main"
"418",-122.939552307129,47.1830749511719,60,14640,"washington","main"
"419",-122.956741333008,47.165885925293,60,14641,"washington","main"
"420",-123.008308410645,47.1315078735352,60,14642,"washington","main"
"421",-123.008308410645,47.0971336364746,60,14643,"washington","main"
"422",-122.962478637695,47.1315078735352,60,14644,"washington","main"
"423",-122.922370910645,47.154426574707,60,14645,"washington","main"
"424",-122.887985229492,47.1486968994141,60,14646,"washington","main"
"425",-122.928092956543,47.1085891723633,60,14647,"washington","main"
"426",-122.956741333008,47.0742149353027,60,14648,"washington","main"
"427",-122.922370910645,47.0742149353027,60,14649,"washington","main"
"428",-122.899444580078,47.0971336364746,60,14650,"washington","main"
"429",-122.887985229492,47.0971336364746,60,14651,"washington","main"
"430",-122.876525878906,47.028377532959,60,14652,"washington","main"
"431",-122.842155456543,47.028377532959,60,14653,"washington","main"
"432",-122.847877502441,47.0971336364746,60,14654,"washington","main"
"433",-122.847877502441,47.1257781982422,60,14655,"washington","main"
"434",-122.807769775391,47.1257781982422,60,14656,"washington","main"
"435",-122.77912902832,47.1028594970703,60,14657,"washington","main"
"436",-122.77912902832,47.1486968994141,60,14658,"washington","main"
"437",-122.744743347168,47.1429672241211,60,14659,"washington","main"
"438",-122.727554321289,47.1200485229492,60,14660,"washington","main"
"439",-122.716094970703,47.0971336364746,60,14661,"washington","main"
"440",-122.670265197754,47.0914001464844,60,14662,"washington","main"
"441",-122.635879516602,47.0914001464844,60,14663,"washington","main"
"442",-122.590049743652,47.1486968994141,60,14664,"washington","main"
"443",-122.549942016602,47.1830749511719,60,14665,"washington","main"
"444",-122.521301269531,47.2346420288086,60,14666,"washington","main"
"445",-122.486915588379,47.2632865905762,60,14667,"washington","main"
"446",-122.486915588379,47.3033981323242,60,14668,"washington","main"
"447",-122.463996887207,47.291934967041,60,14669,"washington","main"
"448",-122.418167114258,47.2575607299805,60,14670,"washington","main"
"449",-122.366592407227,47.2460975646973,60,14671,"washington","main"
"450",-122.378059387207,47.2804794311523,60,14672,"washington","main"
"451",-122.389518737793,47.3091239929199,60,14673,"washington","main"
"452",-122.320762634277,47.343505859375,60,14674,"washington","main"
"453",-122.280654907227,47.3606910705566,60,14675,"washington","main"
"454",-122.303565979004,47.4007987976074,60,14676,"washington","main"
"455",-122.303565979004,47.4351768493652,60,14677,"washington","main"
"456",-122.332214355469,47.4752807617188,60,14678,"washington","main"
"457",-122.360870361328,47.5383071899414,60,14679,"washington","main"
"458",-122.366592407227,47.5784149169922,60,14680,"washington","main"
"459",-122.309303283691,47.5841445922852,60,14681,"washington","main"
"460",-122.303565979004,47.607063293457,60,14682,"washington","main"
"461",-122.343673706055,47.6299819946289,60,14683,"washington","main"
"462",-122.378059387207,47.6586303710938,60,14684,"washington","main"
"463",-122.343673706055,47.6758155822754,60,14685,"washington","main"
"464",-122.343673706055,47.7216529846191,60,14686,"washington","main"
"465",-122.337951660156,47.7617607116699,60,14687,"washington","main"
"466",-122.355133056641,47.8018684387207,60,14688,"washington","main"
"467",-122.309303283691,47.8477058410645,60,14689,"washington","main"
"468",-122.274917602539,47.9049987792969,60,14690,"washington","main"
"469",-122.257736206055,47.9565696716309,60,14691,"washington","main"
"470",-122.188980102539,47.9852142333984,60,14692,"washington","main"
"471",-122.188980102539,48.0081329345703,60,14693,"washington","main"
"472",-122.166061401367,48.0310516357422,60,14694,"washington","main"
"473",-122.234817504883,48.0310516357422,60,14695,"washington","main"
"474",-122.309303283691,48.0883445739746,60,14696,"washington","main"
"475",-122.320762634277,48.1685600280762,60,14697,"washington","main"
"476",-122.343673706055,48.2201271057129,60,14698,"washington","main"
"477",-122.337951660156,48.2602348327637,60,14699,"washington","main"
"478",-122.337951660156,48.2888832092285,60,14700,"washington","main"
"479",-122.360870361328,48.3060722351074,60,14701,"washington","main"
"480",-122.418167114258,48.3289909362793,60,14702,"washington","main"
"481",-122.446807861328,48.3576354980469,60,14703,"washington","main"
"482",-122.504104614258,48.3748245239258,60,14704,"washington","main"
"483",-122.515563964844,48.4206619262695,60,14705,"washington","main"
"484",-122.56713104248,48.4034729003906,60,14706,"washington","main"
"485",-122.612976074219,48.4149360656738,60,14707,"washington","main"
"486",-122.601516723633,48.4378509521484,60,14708,"washington","main"
"487",-122.641616821289,48.4779586791992,60,14709,"washington","main"
"488",-122.601516723633,48.5008773803711,60,14710,"washington","main"
"489",-122.549942016602,48.4894180297852,60,14711,"washington","main"
"490",-122.538482666016,48.4550437927246,60,14712,"washington","main"
"491",-122.504104614258,48.4664993286133,60,14713,"washington","main"
"492",-122.458267211914,48.4435806274414,60,14714,"washington","main"
"493",-122.44108581543,48.4435806274414,60,14715,"washington","main"
"494",-122.44108581543,48.5066070556641,60,14716,"washington","main"
"495",-122.446807861328,48.5467147827148,60,14717,"washington","main"
"496",-122.406700134277,48.5638999938965,60,14718,"washington","main"
"497",-122.400978088379,48.5925521850586,60,14719,"washington","main"
"498",-122.423889160156,48.6211967468262,60,14720,"washington","main"
"499",-122.446807861328,48.6383895874023,60,14721,"washington","main"
"500",-122.446807861328,48.6670341491699,60,14722,"washington","main"
"501",-122.44108581543,48.6899528503418,60,14723,"washington","main"
"502",-122.48119354248,48.7071418762207,60,14724,"washington","main"
"503",-122.44108581543,48.7243309020996,60,14725,"washington","main"
"504",-122.452545166016,48.7472496032715,60,14726,"washington","main"
"505",-122.504104614258,48.7701683044434,60,14727,"washington","main"
"506",-122.549942016602,48.7644386291504,60,14728,"washington","main"
"507",-122.590049743652,48.7186012268066,60,14729,"washington","main"
"508",-122.618698120117,48.7243309020996,60,14730,"washington","main"
"509",-122.612976074219,48.7644386291504,60,14731,"washington","main"
"510",-122.670265197754,48.7816276550293,60,14732,"washington","main"
"511",-122.670265197754,48.838924407959,60,14733,"washington","main"
"512",-122.704635620117,48.8618431091309,60,14734,"washington","main"
"513",-122.744743347168,48.8790283203125,60,14735,"washington","main"
"514",-122.744743347168,48.9019470214844,60,14736,"washington","main"
"515",-122.704635620117,48.9134063720703,60,14737,"washington","main"
"516",-122.710372924805,48.9363250732422,60,14738,"washington","main"
"517",-122.761940002441,48.9420547485352,60,14739,"washington","main"
"518",-122.761940002441,48.9592437744141,60,14740,"washington","main"
"519",-122.744743347168,48.970703125,60,14741,"washington","main"
"520",-122.704635620117,48.9592437744141,60,14742,"washington","main"
"521",-122.710372924805,48.9878921508789,60,14743,"washington","main"
"522",-122.091567993164,48.9936180114746,60,14744,"washington","main"
"523",-121.42121887207,48.9993515014648,60,14745,"washington","main"
"524",-120.853981018066,48.9993515014648,60,14746,"washington","main"
"525",-120.137794494629,48.9993515014648,60,14747,"washington","main"
"526",-119.335647583008,48.9993515014648,60,14748,"washington","main"
"527",-118.842903137207,49.0050811767578,60,14749,"washington","main"
"528",-118.206932067871,48.9936180114746,60,14750,"washington","main"
"529",-117.427696228027,49.0050811767578,60,14751,"washington","main"
"530",-117.020896911621,48.9936180114746,60,14752,"washington","main"
"531",-117.026634216309,48.838924407959,60,14753,"washington","main"
"532",-117.032356262207,48.0482406616211,60,14754,"washington","main"
"533",-117.032356262207,47.9680252075195,60,14755,"washington","main"
"534",-117.032356262207,47.3606910705566,60,14756,"washington","main"
"535",-117.032356262207,47.2518310546875,60,14757,"washington","main"
"536",-117.032356262207,47.1315078735352,60,14758,"washington","main"
"537",-117.026634216309,46.5356330871582,60,14759,"washington","main"
"538",-117.026634216309,46.4267692565918,60,14760,"washington","main"
"539",-117.032356262207,46.386661529541,60,14761,"washington","main"
"540",-117.032356262207,46.3408241271973,60,14762,"washington","main"
"541",-116.963600158691,46.2778015136719,60,14763,"washington","main"
"542",-116.957878112793,46.2090454101562,60,14764,"washington","main"
"543",-116.923492431641,46.1689414978027,60,14765,"washington","main"
"544",-116.952140808105,46.0658073425293,60,14766,"washington","main"
"545",-116.929229736328,45.9970512390137,60,14767,"washington","main"
